<?xml version="1.0" encoding="UTF-8"?><idempiere Name="org.palichmos.community.telegram" Version="3.1.0" idempiereVersion="" DataBaseVersion="" Description="This 2Pack from Telegram Bot API plugin&#10;Repository https://github.com/NikColonel/org.palichmos.community.telegram" Author="" AuthorEmail="polkneket@gmail.com" CreatedDate="2020-09-20 17:26:46.513" UpdatedDate="2020-09-20 17:32:15.725" PackOutVersion="100" UpdateDictionary="false" Client="0-SYSTEM-System" AD_Client_UU="11237b53-9592-4af1-b3c5-afd216514b5d">
    <AD_Table type="table">
        <AD_Client_ID>0</AD_Client_ID>
        <AD_Org_ID>0</AD_Org_ID>
        <Name>PM_TelegramBot</Name>
        <Description/>
        <Help/>
        <AD_Window_ID reference="uuid" reference-key="AD_Window">1301a838-cbd5-4c52-aec6-7605c5a2cf91</AD_Window_ID>
        <AD_Val_Rule_ID reference="id"/>
        <TableName>PM_TelegramBot</TableName>
        <LoadSeq>0</LoadSeq>
        <AccessLevel>3</AccessLevel>
        <IsActive>Y</IsActive>
        <IsSecurityEnabled>N</IsSecurityEnabled>
        <IsDeleteable>Y</IsDeleteable>
        <IsHighVolume>N</IsHighVolume>
        <IsView>N</IsView>
        <EntityType>U</EntityType>
        <ImportTable>N</ImportTable>
        <IsChangeLog>N</IsChangeLog>
        <ReplicationType>L</ReplicationType>
        <PO_Window_ID reference="id"/>
        <CopyColumnsFromTable>N</CopyColumnsFromTable>
        <IsCentrallyMaintained>Y</IsCentrallyMaintained>
        <AD_Table_UU>19400c0d-eb72-4b51-8630-b5bda9f96cf5</AD_Table_UU>
        <Processing>N</Processing>
        <DatabaseViewDrop>N</DatabaseViewDrop>
        <CopyComponentsFromView>N</CopyComponentsFromView>
        <AD_Element type="table">
            <AD_Client_ID>0</AD_Client_ID>
            <AD_Org_ID>0</AD_Org_ID>
            <IsActive>Y</IsActive>
            <ColumnName>PM_TelegramBot_ID</ColumnName>
            <Name>PM_TelegramBot_ID</Name>
            <Description/>
            <Help/>
            <PrintName>PM_TelegramBot_ID</PrintName>
            <PO_Description/>
            <PO_Help/>
            <PO_Name/>
            <PO_PrintName/>
            <EntityType>U</EntityType>
            <AD_Element_UU>0d5a34e7-7868-4db1-9780-169e031c0d19</AD_Element_UU>
            <AD_Element_Trl type="translation">
                <Description/>
                <Help/>
                <Name>PM_TelegramBot_ID</Name>
                <PO_Description/>
                <PO_Help/>
                <PO_Name/>
                <PO_PrintName/>
                <PrintName>PM_TelegramBot_ID</PrintName>
                <AD_Language>ru_RU</AD_Language>
                <IsActive>Y</IsActive>
                <IsTranslated>N</IsTranslated>
            </AD_Element_Trl>
        </AD_Element>
        <AD_Column type="table">
            <IsSyncDatabase>Y</IsSyncDatabase>
            <AD_Table_ID reference="uuid" reference-key="AD_Table">19400c0d-eb72-4b51-8630-b5bda9f96cf5</AD_Table_ID>
            <AD_Reference_Value_ID reference="id"/>
            <AD_Client_ID>0</AD_Client_ID>
            <AD_Org_ID>0</AD_Org_ID>
            <Version>0</Version>
            <Name>PM_TelegramBot_ID</Name>
            <Description/>
            <Help/>
            <AD_Val_Rule_ID reference="id"/>
            <ColumnName>PM_TelegramBot_ID</ColumnName>
            <DefaultValue/>
            <FieldLength>22</FieldLength>
            <IsKey>Y</IsKey>
            <IsParent>N</IsParent>
            <IsMandatory>N</IsMandatory>
            <IsTranslated>N</IsTranslated>
            <IsIdentifier>N</IsIdentifier>
            <SeqNo>0</SeqNo>
            <IsEncrypted>N</IsEncrypted>
            <AD_Reference_ID reference="id">13</AD_Reference_ID>
            <IsActive>Y</IsActive>
            <VFormat/>
            <Callout/>
            <AD_Element_ID reference="uuid" reference-key="AD_Element">0d5a34e7-7868-4db1-9780-169e031c0d19</AD_Element_ID>
            <IsUpdateable>N</IsUpdateable>
            <AD_Process_ID reference="id"/>
            <ValueMin/>
            <ValueMax/>
            <IsSelectionColumn>N</IsSelectionColumn>
            <ReadOnlyLogic/>
            <EntityType>U</EntityType>
            <IsAlwaysUpdateable>N</IsAlwaysUpdateable>
            <ColumnSQL/>
            <MandatoryLogic/>
            <IsAutocomplete>N</IsAutocomplete>
            <IsAllowLogging>N</IsAllowLogging>
            <FormatPattern/>
            <AD_Chart_ID reference="id"/>
            <AD_Column_UU>3954dda4-46b5-4a38-be7f-0dc764d968c0</AD_Column_UU>
            <IsAllowCopy>N</IsAllowCopy>
            <SeqNoSelection>0</SeqNoSelection>
            <IsToolbarButton>N</IsToolbarButton>
            <IsSecure>N</IsSecure>
            <FKConstraintName/>
            <FKConstraintType>N</FKConstraintType>
        </AD_Column>
        <AD_Element type="table">
            <AD_Client_ID>0</AD_Client_ID>
            <AD_Org_ID>0</AD_Org_ID>
            <IsActive>Y</IsActive>
            <ColumnName>BotToken</ColumnName>
            <Name>BotToken</Name>
            <Description/>
            <Help/>
            <PrintName>BotToken</PrintName>
            <PO_Description/>
            <PO_Help/>
            <PO_Name/>
            <PO_PrintName/>
            <EntityType>U</EntityType>
            <AD_Element_UU>e1388503-33e8-4276-b917-c61b5fd90f3e</AD_Element_UU>
            <AD_Element_Trl type="translation">
                <Description/>
                <Help/>
                <Name>BotToken</Name>
                <PO_Description/>
                <PO_Help/>
                <PO_Name/>
                <PO_PrintName/>
                <PrintName>BotToken</PrintName>
                <AD_Language>ru_RU</AD_Language>
                <IsActive>Y</IsActive>
                <IsTranslated>N</IsTranslated>
            </AD_Element_Trl>
        </AD_Element>
        <AD_Column type="table">
            <IsSyncDatabase>Y</IsSyncDatabase>
            <AD_Table_ID reference="uuid" reference-key="AD_Table">19400c0d-eb72-4b51-8630-b5bda9f96cf5</AD_Table_ID>
            <AD_Reference_Value_ID reference="id"/>
            <AD_Client_ID>0</AD_Client_ID>
            <AD_Org_ID>0</AD_Org_ID>
            <Version>0</Version>
            <Name>BotToken</Name>
            <Description/>
            <Help/>
            <AD_Val_Rule_ID reference="id"/>
            <ColumnName>BotToken</ColumnName>
            <DefaultValue/>
            <FieldLength>100</FieldLength>
            <IsKey>N</IsKey>
            <IsParent>N</IsParent>
            <IsMandatory>N</IsMandatory>
            <IsTranslated>N</IsTranslated>
            <IsIdentifier>N</IsIdentifier>
            <SeqNo>0</SeqNo>
            <IsEncrypted>N</IsEncrypted>
            <AD_Reference_ID reference="id">10</AD_Reference_ID>
            <IsActive>Y</IsActive>
            <VFormat/>
            <Callout/>
            <AD_Element_ID reference="uuid" reference-key="AD_Element">e1388503-33e8-4276-b917-c61b5fd90f3e</AD_Element_ID>
            <IsUpdateable>Y</IsUpdateable>
            <AD_Process_ID reference="id"/>
            <ValueMin/>
            <ValueMax/>
            <IsSelectionColumn>N</IsSelectionColumn>
            <ReadOnlyLogic/>
            <EntityType>U</EntityType>
            <IsAlwaysUpdateable>N</IsAlwaysUpdateable>
            <ColumnSQL/>
            <MandatoryLogic/>
            <IsAutocomplete>N</IsAutocomplete>
            <IsAllowLogging>N</IsAllowLogging>
            <FormatPattern/>
            <AD_Chart_ID reference="id"/>
            <AD_Column_UU>60c8d387-c634-475f-846f-ab0aa61767eb</AD_Column_UU>
            <IsAllowCopy>N</IsAllowCopy>
            <SeqNoSelection>0</SeqNoSelection>
            <IsToolbarButton>N</IsToolbarButton>
            <IsSecure>N</IsSecure>
            <FKConstraintName/>
            <FKConstraintType>N</FKConstraintType>
        </AD_Column>
        <AD_Element type="table">
            <AD_Client_ID>0</AD_Client_ID>
            <AD_Org_ID>0</AD_Org_ID>
            <IsActive>Y</IsActive>
            <ColumnName>PM_TelegramBot_UU</ColumnName>
            <Name>PM_TelegramBot_UU</Name>
            <Description/>
            <Help/>
            <PrintName>PM_TelegramBot_UU</PrintName>
            <PO_Description/>
            <PO_Help/>
            <PO_Name/>
            <PO_PrintName/>
            <EntityType>U</EntityType>
            <AD_Element_UU>d2cd12e8-0a51-4657-93ed-35108b0fe43f</AD_Element_UU>
            <AD_Element_Trl type="translation">
                <Description/>
                <Help/>
                <Name>PM_TelegramBot_UU</Name>
                <PO_Description/>
                <PO_Help/>
                <PO_Name/>
                <PO_PrintName/>
                <PrintName>PM_TelegramBot_UU</PrintName>
                <AD_Language>ru_RU</AD_Language>
                <IsActive>Y</IsActive>
                <IsTranslated>N</IsTranslated>
            </AD_Element_Trl>
        </AD_Element>
        <AD_Column type="table">
            <IsSyncDatabase>Y</IsSyncDatabase>
            <AD_Table_ID reference="uuid" reference-key="AD_Table">19400c0d-eb72-4b51-8630-b5bda9f96cf5</AD_Table_ID>
            <AD_Reference_Value_ID reference="id"/>
            <AD_Client_ID>0</AD_Client_ID>
            <AD_Org_ID>0</AD_Org_ID>
            <Version>0</Version>
            <Name>PM_TelegramBot_UU</Name>
            <Description/>
            <Help/>
            <AD_Val_Rule_ID reference="id"/>
            <ColumnName>PM_TelegramBot_UU</ColumnName>
            <DefaultValue/>
            <FieldLength>36</FieldLength>
            <IsKey>N</IsKey>
            <IsParent>N</IsParent>
            <IsMandatory>N</IsMandatory>
            <IsTranslated>N</IsTranslated>
            <IsIdentifier>N</IsIdentifier>
            <SeqNo>0</SeqNo>
            <IsEncrypted>N</IsEncrypted>
            <AD_Reference_ID reference="id">10</AD_Reference_ID>
            <IsActive>Y</IsActive>
            <VFormat/>
            <Callout/>
            <AD_Element_ID reference="uuid" reference-key="AD_Element">d2cd12e8-0a51-4657-93ed-35108b0fe43f</AD_Element_ID>
            <IsUpdateable>N</IsUpdateable>
            <AD_Process_ID reference="id"/>
            <ValueMin/>
            <ValueMax/>
            <IsSelectionColumn>N</IsSelectionColumn>
            <ReadOnlyLogic/>
            <EntityType>U</EntityType>
            <IsAlwaysUpdateable>N</IsAlwaysUpdateable>
            <ColumnSQL/>
            <MandatoryLogic/>
            <IsAutocomplete>N</IsAutocomplete>
            <IsAllowLogging>N</IsAllowLogging>
            <FormatPattern/>
            <AD_Chart_ID reference="id"/>
            <AD_Column_UU>ab18fa60-28aa-4e53-a6dd-666ccc767553</AD_Column_UU>
            <IsAllowCopy>N</IsAllowCopy>
            <SeqNoSelection>0</SeqNoSelection>
            <IsToolbarButton>N</IsToolbarButton>
            <IsSecure>N</IsSecure>
            <FKConstraintName/>
            <FKConstraintType>N</FKConstraintType>
        </AD_Column>
        <AD_Column type="table">
            <IsSyncDatabase>Y</IsSyncDatabase>
            <AD_Table_ID reference="uuid" reference-key="AD_Table">19400c0d-eb72-4b51-8630-b5bda9f96cf5</AD_Table_ID>
            <AD_Reference_Value_ID reference="id"/>
            <AD_Client_ID>0</AD_Client_ID>
            <AD_Org_ID>0</AD_Org_ID>
            <Version>0</Version>
            <Name>Client</Name>
            <Description>Client/Tenant for this installation.</Description>
            <Help>A Client is a company or a legal entity. You cannot share data between Clients. Tenant is a synonym for Client.</Help>
            <AD_Val_Rule_ID reference="id">129</AD_Val_Rule_ID>
            <ColumnName>AD_Client_ID</ColumnName>
            <DefaultValue>@#AD_Client_ID@</DefaultValue>
            <FieldLength>22</FieldLength>
            <IsKey>N</IsKey>
            <IsParent>N</IsParent>
            <IsMandatory>N</IsMandatory>
            <IsTranslated>N</IsTranslated>
            <IsIdentifier>N</IsIdentifier>
            <SeqNo>0</SeqNo>
            <IsEncrypted>N</IsEncrypted>
            <AD_Reference_ID reference="id">19</AD_Reference_ID>
            <IsActive>Y</IsActive>
            <VFormat/>
            <Callout/>
            <AD_Element_ID reference="id">102</AD_Element_ID>
            <IsUpdateable>N</IsUpdateable>
            <AD_Process_ID reference="id"/>
            <ValueMin/>
            <ValueMax/>
            <IsSelectionColumn>N</IsSelectionColumn>
            <ReadOnlyLogic/>
            <EntityType>U</EntityType>
            <IsAlwaysUpdateable>N</IsAlwaysUpdateable>
            <ColumnSQL/>
            <MandatoryLogic/>
            <IsAutocomplete>N</IsAutocomplete>
            <IsAllowLogging>N</IsAllowLogging>
            <FormatPattern/>
            <AD_Chart_ID reference="id"/>
            <AD_Column_UU>ac5db7b8-ed09-474d-95ca-b2aaed1008f1</AD_Column_UU>
            <IsAllowCopy>N</IsAllowCopy>
            <SeqNoSelection>0</SeqNoSelection>
            <IsToolbarButton>N</IsToolbarButton>
            <IsSecure>N</IsSecure>
            <FKConstraintName/>
            <FKConstraintType>D</FKConstraintType>
        </AD_Column>
        <AD_Column type="table">
            <IsSyncDatabase>Y</IsSyncDatabase>
            <AD_Table_ID reference="uuid" reference-key="AD_Table">19400c0d-eb72-4b51-8630-b5bda9f96cf5</AD_Table_ID>
            <AD_Reference_Value_ID reference="id"/>
            <AD_Client_ID>0</AD_Client_ID>
            <AD_Org_ID>0</AD_Org_ID>
            <Version>0</Version>
            <Name>Organization</Name>
            <Description>Organizational entity within client</Description>
            <Help>An organization is a unit of your client or legal entity - examples are store, department. You can share data between organizations.</Help>
            <AD_Val_Rule_ID reference="id">104</AD_Val_Rule_ID>
            <ColumnName>AD_Org_ID</ColumnName>
            <DefaultValue>@#AD_Org_ID@</DefaultValue>
            <FieldLength>22</FieldLength>
            <IsKey>N</IsKey>
            <IsParent>N</IsParent>
            <IsMandatory>N</IsMandatory>
            <IsTranslated>N</IsTranslated>
            <IsIdentifier>N</IsIdentifier>
            <SeqNo>0</SeqNo>
            <IsEncrypted>N</IsEncrypted>
            <AD_Reference_ID reference="id">19</AD_Reference_ID>
            <IsActive>Y</IsActive>
            <VFormat/>
            <Callout/>
            <AD_Element_ID reference="id">113</AD_Element_ID>
            <IsUpdateable>N</IsUpdateable>
            <AD_Process_ID reference="id"/>
            <ValueMin/>
            <ValueMax/>
            <IsSelectionColumn>N</IsSelectionColumn>
            <ReadOnlyLogic/>
            <EntityType>U</EntityType>
            <IsAlwaysUpdateable>N</IsAlwaysUpdateable>
            <ColumnSQL/>
            <MandatoryLogic/>
            <IsAutocomplete>N</IsAutocomplete>
            <IsAllowLogging>N</IsAllowLogging>
            <FormatPattern/>
            <AD_Chart_ID reference="id"/>
            <AD_Column_UU>6e82fb45-9be1-401a-a697-8bcd964bd80c</AD_Column_UU>
            <IsAllowCopy>N</IsAllowCopy>
            <SeqNoSelection>0</SeqNoSelection>
            <IsToolbarButton>N</IsToolbarButton>
            <IsSecure>N</IsSecure>
            <FKConstraintName/>
            <FKConstraintType>D</FKConstraintType>
        </AD_Column>
        <AD_Column type="table">
            <IsSyncDatabase>Y</IsSyncDatabase>
            <AD_Table_ID reference="uuid" reference-key="AD_Table">19400c0d-eb72-4b51-8630-b5bda9f96cf5</AD_Table_ID>
            <AD_Reference_Value_ID reference="id"/>
            <AD_Client_ID>0</AD_Client_ID>
            <AD_Org_ID>0</AD_Org_ID>
            <Version>0</Version>
            <Name>Created</Name>
            <Description>Date this record was created</Description>
            <Help>The Created field indicates the date that this record was created.</Help>
            <AD_Val_Rule_ID reference="id"/>
            <ColumnName>Created</ColumnName>
            <DefaultValue>SYSDATE</DefaultValue>
            <FieldLength>7</FieldLength>
            <IsKey>N</IsKey>
            <IsParent>N</IsParent>
            <IsMandatory>N</IsMandatory>
            <IsTranslated>N</IsTranslated>
            <IsIdentifier>N</IsIdentifier>
            <SeqNo>0</SeqNo>
            <IsEncrypted>N</IsEncrypted>
            <AD_Reference_ID reference="id">16</AD_Reference_ID>
            <IsActive>Y</IsActive>
            <VFormat/>
            <Callout/>
            <AD_Element_ID reference="id">245</AD_Element_ID>
            <IsUpdateable>N</IsUpdateable>
            <AD_Process_ID reference="id"/>
            <ValueMin/>
            <ValueMax/>
            <IsSelectionColumn>N</IsSelectionColumn>
            <ReadOnlyLogic/>
            <EntityType>U</EntityType>
            <IsAlwaysUpdateable>N</IsAlwaysUpdateable>
            <ColumnSQL/>
            <MandatoryLogic/>
            <IsAutocomplete>N</IsAutocomplete>
            <IsAllowLogging>N</IsAllowLogging>
            <FormatPattern/>
            <AD_Chart_ID reference="id"/>
            <AD_Column_UU>eda99252-3181-4d54-9588-bec69021082a</AD_Column_UU>
            <IsAllowCopy>N</IsAllowCopy>
            <SeqNoSelection>0</SeqNoSelection>
            <IsToolbarButton>N</IsToolbarButton>
            <IsSecure>N</IsSecure>
            <FKConstraintName/>
            <FKConstraintType>N</FKConstraintType>
        </AD_Column>
        <AD_Column type="table">
            <IsSyncDatabase>Y</IsSyncDatabase>
            <AD_Table_ID reference="uuid" reference-key="AD_Table">19400c0d-eb72-4b51-8630-b5bda9f96cf5</AD_Table_ID>
            <AD_Reference_Value_ID reference="id">110</AD_Reference_Value_ID>
            <AD_Client_ID>0</AD_Client_ID>
            <AD_Org_ID>0</AD_Org_ID>
            <Version>0</Version>
            <Name>Created By</Name>
            <Description>User who created this records</Description>
            <Help>The Created By field indicates the user who created this record.</Help>
            <AD_Val_Rule_ID reference="id"/>
            <ColumnName>CreatedBy</ColumnName>
            <DefaultValue/>
            <FieldLength>22</FieldLength>
            <IsKey>N</IsKey>
            <IsParent>N</IsParent>
            <IsMandatory>N</IsMandatory>
            <IsTranslated>N</IsTranslated>
            <IsIdentifier>N</IsIdentifier>
            <SeqNo>0</SeqNo>
            <IsEncrypted>N</IsEncrypted>
            <AD_Reference_ID reference="id">18</AD_Reference_ID>
            <IsActive>Y</IsActive>
            <VFormat/>
            <Callout/>
            <AD_Element_ID reference="id">246</AD_Element_ID>
            <IsUpdateable>N</IsUpdateable>
            <AD_Process_ID reference="id"/>
            <ValueMin/>
            <ValueMax/>
            <IsSelectionColumn>N</IsSelectionColumn>
            <ReadOnlyLogic/>
            <EntityType>U</EntityType>
            <IsAlwaysUpdateable>N</IsAlwaysUpdateable>
            <ColumnSQL/>
            <MandatoryLogic/>
            <IsAutocomplete>N</IsAutocomplete>
            <IsAllowLogging>N</IsAllowLogging>
            <FormatPattern/>
            <AD_Chart_ID reference="id"/>
            <AD_Column_UU>2985e4be-d834-4935-a2dc-d82c03aaa822</AD_Column_UU>
            <IsAllowCopy>N</IsAllowCopy>
            <SeqNoSelection>0</SeqNoSelection>
            <IsToolbarButton>N</IsToolbarButton>
            <IsSecure>N</IsSecure>
            <FKConstraintName/>
            <FKConstraintType>D</FKConstraintType>
        </AD_Column>
        <AD_Column type="table">
            <IsSyncDatabase>Y</IsSyncDatabase>
            <AD_Table_ID reference="uuid" reference-key="AD_Table">19400c0d-eb72-4b51-8630-b5bda9f96cf5</AD_Table_ID>
            <AD_Reference_Value_ID reference="id"/>
            <AD_Client_ID>0</AD_Client_ID>
            <AD_Org_ID>0</AD_Org_ID>
            <Version>0</Version>
            <Name>Updated</Name>
            <Description>Date this record was updated</Description>
            <Help>The Updated field indicates the date that this record was updated.</Help>
            <AD_Val_Rule_ID reference="id"/>
            <ColumnName>Updated</ColumnName>
            <DefaultValue>SYSDATE</DefaultValue>
            <FieldLength>7</FieldLength>
            <IsKey>N</IsKey>
            <IsParent>N</IsParent>
            <IsMandatory>N</IsMandatory>
            <IsTranslated>N</IsTranslated>
            <IsIdentifier>N</IsIdentifier>
            <SeqNo>0</SeqNo>
            <IsEncrypted>N</IsEncrypted>
            <AD_Reference_ID reference="id">16</AD_Reference_ID>
            <IsActive>Y</IsActive>
            <VFormat/>
            <Callout/>
            <AD_Element_ID reference="id">607</AD_Element_ID>
            <IsUpdateable>N</IsUpdateable>
            <AD_Process_ID reference="id"/>
            <ValueMin/>
            <ValueMax/>
            <IsSelectionColumn>N</IsSelectionColumn>
            <ReadOnlyLogic/>
            <EntityType>U</EntityType>
            <IsAlwaysUpdateable>N</IsAlwaysUpdateable>
            <ColumnSQL/>
            <MandatoryLogic/>
            <IsAutocomplete>N</IsAutocomplete>
            <IsAllowLogging>N</IsAllowLogging>
            <FormatPattern/>
            <AD_Chart_ID reference="id"/>
            <AD_Column_UU>fd6dc3ad-f18a-4d2a-8022-a04dbc10c85c</AD_Column_UU>
            <IsAllowCopy>N</IsAllowCopy>
            <SeqNoSelection>0</SeqNoSelection>
            <IsToolbarButton>N</IsToolbarButton>
            <IsSecure>N</IsSecure>
            <FKConstraintName/>
            <FKConstraintType>N</FKConstraintType>
        </AD_Column>
        <AD_Column type="table">
            <IsSyncDatabase>Y</IsSyncDatabase>
            <AD_Table_ID reference="uuid" reference-key="AD_Table">19400c0d-eb72-4b51-8630-b5bda9f96cf5</AD_Table_ID>
            <AD_Reference_Value_ID reference="id">110</AD_Reference_Value_ID>
            <AD_Client_ID>0</AD_Client_ID>
            <AD_Org_ID>0</AD_Org_ID>
            <Version>0</Version>
            <Name>Updated By</Name>
            <Description>User who updated this records</Description>
            <Help>The Updated By field indicates the user who updated this record.</Help>
            <AD_Val_Rule_ID reference="id"/>
            <ColumnName>UpdatedBy</ColumnName>
            <DefaultValue/>
            <FieldLength>22</FieldLength>
            <IsKey>N</IsKey>
            <IsParent>N</IsParent>
            <IsMandatory>N</IsMandatory>
            <IsTranslated>N</IsTranslated>
            <IsIdentifier>N</IsIdentifier>
            <SeqNo>0</SeqNo>
            <IsEncrypted>N</IsEncrypted>
            <AD_Reference_ID reference="id">18</AD_Reference_ID>
            <IsActive>Y</IsActive>
            <VFormat/>
            <Callout/>
            <AD_Element_ID reference="id">608</AD_Element_ID>
            <IsUpdateable>N</IsUpdateable>
            <AD_Process_ID reference="id"/>
            <ValueMin/>
            <ValueMax/>
            <IsSelectionColumn>N</IsSelectionColumn>
            <ReadOnlyLogic/>
            <EntityType>U</EntityType>
            <IsAlwaysUpdateable>N</IsAlwaysUpdateable>
            <ColumnSQL/>
            <MandatoryLogic/>
            <IsAutocomplete>N</IsAutocomplete>
            <IsAllowLogging>N</IsAllowLogging>
            <FormatPattern/>
            <AD_Chart_ID reference="id"/>
            <AD_Column_UU>b660848b-eed1-4bd8-b9ab-549c1c768af2</AD_Column_UU>
            <IsAllowCopy>N</IsAllowCopy>
            <SeqNoSelection>0</SeqNoSelection>
            <IsToolbarButton>N</IsToolbarButton>
            <IsSecure>N</IsSecure>
            <FKConstraintName/>
            <FKConstraintType>D</FKConstraintType>
        </AD_Column>
        <AD_Column type="table">
            <IsSyncDatabase>Y</IsSyncDatabase>
            <AD_Table_ID reference="uuid" reference-key="AD_Table">19400c0d-eb72-4b51-8630-b5bda9f96cf5</AD_Table_ID>
            <AD_Reference_Value_ID reference="id"/>
            <AD_Client_ID>0</AD_Client_ID>
            <AD_Org_ID>0</AD_Org_ID>
            <Version>0</Version>
            <Name>Active</Name>
            <Description>The record is active in the system</Description>
            <Help>There are two methods of making records unavailable in the system: One is to delete the record, the other is to de-activate the record. A de-activated record is not available for selection, but available for reports.
There are two reasons for de-activating and not deleting records:
(1) The system requires the record for audit purposes.
(2) The record is referenced by other records. E.g., you cannot delete a Business Partner, if there are invoices for this partner record existing. You de-activate the Business Partner and prevent that this record is used for future entries.</Help>
            <AD_Val_Rule_ID reference="id"/>
            <ColumnName>IsActive</ColumnName>
            <DefaultValue>Y</DefaultValue>
            <FieldLength>1</FieldLength>
            <IsKey>N</IsKey>
            <IsParent>N</IsParent>
            <IsMandatory>N</IsMandatory>
            <IsTranslated>N</IsTranslated>
            <IsIdentifier>N</IsIdentifier>
            <SeqNo>0</SeqNo>
            <IsEncrypted>N</IsEncrypted>
            <AD_Reference_ID reference="id">20</AD_Reference_ID>
            <IsActive>Y</IsActive>
            <VFormat/>
            <Callout/>
            <AD_Element_ID reference="id">348</AD_Element_ID>
            <IsUpdateable>Y</IsUpdateable>
            <AD_Process_ID reference="id"/>
            <ValueMin/>
            <ValueMax/>
            <IsSelectionColumn>N</IsSelectionColumn>
            <ReadOnlyLogic/>
            <EntityType>U</EntityType>
            <IsAlwaysUpdateable>N</IsAlwaysUpdateable>
            <ColumnSQL/>
            <MandatoryLogic/>
            <IsAutocomplete>N</IsAutocomplete>
            <IsAllowLogging>N</IsAllowLogging>
            <FormatPattern/>
            <AD_Chart_ID reference="id"/>
            <AD_Column_UU>47cce0b9-d07d-49b0-8c67-6d866729a3d2</AD_Column_UU>
            <IsAllowCopy>N</IsAllowCopy>
            <SeqNoSelection>0</SeqNoSelection>
            <IsToolbarButton>N</IsToolbarButton>
            <IsSecure>N</IsSecure>
            <FKConstraintName/>
            <FKConstraintType>N</FKConstraintType>
        </AD_Column>
        <AD_Column type="table">
            <IsSyncDatabase>Y</IsSyncDatabase>
            <AD_Table_ID reference="uuid" reference-key="AD_Table">19400c0d-eb72-4b51-8630-b5bda9f96cf5</AD_Table_ID>
            <AD_Reference_Value_ID reference="id"/>
            <AD_Client_ID>0</AD_Client_ID>
            <AD_Org_ID>0</AD_Org_ID>
            <Version>0</Version>
            <Name>Name</Name>
            <Description>Alphanumeric identifier of the entity</Description>
            <Help>The name of an entity (record) is used as an default search option in addition to the search key. The name is up to 60 characters in length.</Help>
            <AD_Val_Rule_ID reference="id"/>
            <ColumnName>Name</ColumnName>
            <DefaultValue/>
            <FieldLength>60</FieldLength>
            <IsKey>N</IsKey>
            <IsParent>N</IsParent>
            <IsMandatory>N</IsMandatory>
            <IsTranslated>N</IsTranslated>
            <IsIdentifier>Y</IsIdentifier>
            <SeqNo>0</SeqNo>
            <IsEncrypted>N</IsEncrypted>
            <AD_Reference_ID reference="id">10</AD_Reference_ID>
            <IsActive>Y</IsActive>
            <VFormat/>
            <Callout/>
            <AD_Element_ID reference="id">469</AD_Element_ID>
            <IsUpdateable>Y</IsUpdateable>
            <AD_Process_ID reference="id"/>
            <ValueMin/>
            <ValueMax/>
            <IsSelectionColumn>Y</IsSelectionColumn>
            <ReadOnlyLogic/>
            <EntityType>U</EntityType>
            <IsAlwaysUpdateable>N</IsAlwaysUpdateable>
            <ColumnSQL/>
            <MandatoryLogic/>
            <IsAutocomplete>N</IsAutocomplete>
            <IsAllowLogging>N</IsAllowLogging>
            <FormatPattern/>
            <AD_Chart_ID reference="id"/>
            <AD_Column_UU>4b1d3c42-929d-40ed-9888-82451dd1fe05</AD_Column_UU>
            <IsAllowCopy>Y</IsAllowCopy>
            <SeqNoSelection>0</SeqNoSelection>
            <IsToolbarButton>N</IsToolbarButton>
            <IsSecure>N</IsSecure>
            <FKConstraintName/>
            <FKConstraintType>N</FKConstraintType>
        </AD_Column>
        <AD_Column type="table">
            <IsSyncDatabase>Y</IsSyncDatabase>
            <AD_Table_ID reference="uuid" reference-key="AD_Table">19400c0d-eb72-4b51-8630-b5bda9f96cf5</AD_Table_ID>
            <AD_Reference_Value_ID reference="id"/>
            <AD_Client_ID>0</AD_Client_ID>
            <AD_Org_ID>0</AD_Org_ID>
            <Version>0</Version>
            <Name>Description</Name>
            <Description>Optional short description of the record</Description>
            <Help>A description is limited to 255 characters.</Help>
            <AD_Val_Rule_ID reference="id"/>
            <ColumnName>Description</ColumnName>
            <DefaultValue/>
            <FieldLength>255</FieldLength>
            <IsKey>N</IsKey>
            <IsParent>N</IsParent>
            <IsMandatory>N</IsMandatory>
            <IsTranslated>N</IsTranslated>
            <IsIdentifier>N</IsIdentifier>
            <SeqNo>0</SeqNo>
            <IsEncrypted>N</IsEncrypted>
            <AD_Reference_ID reference="id">10</AD_Reference_ID>
            <IsActive>Y</IsActive>
            <VFormat/>
            <Callout/>
            <AD_Element_ID reference="id">275</AD_Element_ID>
            <IsUpdateable>Y</IsUpdateable>
            <AD_Process_ID reference="id"/>
            <ValueMin/>
            <ValueMax/>
            <IsSelectionColumn>Y</IsSelectionColumn>
            <ReadOnlyLogic/>
            <EntityType>U</EntityType>
            <IsAlwaysUpdateable>N</IsAlwaysUpdateable>
            <ColumnSQL/>
            <MandatoryLogic/>
            <IsAutocomplete>N</IsAutocomplete>
            <IsAllowLogging>N</IsAllowLogging>
            <FormatPattern/>
            <AD_Chart_ID reference="id"/>
            <AD_Column_UU>684300cd-0b12-4f86-bdc8-90a72dff4797</AD_Column_UU>
            <IsAllowCopy>Y</IsAllowCopy>
            <SeqNoSelection>0</SeqNoSelection>
            <IsToolbarButton>N</IsToolbarButton>
            <IsSecure>N</IsSecure>
            <FKConstraintName/>
            <FKConstraintType>N</FKConstraintType>
        </AD_Column>
    </AD_Table>
    <AD_Table type="table">
        <AD_Client_ID>0</AD_Client_ID>
        <AD_Org_ID>0</AD_Org_ID>
        <Name>PM_Telegram_UserState</Name>
        <Description/>
        <Help/>
        <AD_Window_ID reference="id"/>
        <AD_Val_Rule_ID reference="id"/>
        <TableName>PM_Telegram_UserState</TableName>
        <LoadSeq>0</LoadSeq>
        <AccessLevel>3</AccessLevel>
        <IsActive>Y</IsActive>
        <IsSecurityEnabled>N</IsSecurityEnabled>
        <IsDeleteable>Y</IsDeleteable>
        <IsHighVolume>N</IsHighVolume>
        <IsView>N</IsView>
        <EntityType>U</EntityType>
        <ImportTable>N</ImportTable>
        <IsChangeLog>N</IsChangeLog>
        <ReplicationType>L</ReplicationType>
        <PO_Window_ID reference="id"/>
        <CopyColumnsFromTable>N</CopyColumnsFromTable>
        <IsCentrallyMaintained>Y</IsCentrallyMaintained>
        <AD_Table_UU>7fa3f3d4-2ed4-446b-93e9-fd679d424f0f</AD_Table_UU>
        <Processing>N</Processing>
        <DatabaseViewDrop>N</DatabaseViewDrop>
        <CopyComponentsFromView>N</CopyComponentsFromView>
        <AD_Element type="table">
            <AD_Client_ID>0</AD_Client_ID>
            <AD_Org_ID>0</AD_Org_ID>
            <IsActive>Y</IsActive>
            <ColumnName>PM_Telegram_UserState_ID</ColumnName>
            <Name>PM_Telegram_UserState_ID</Name>
            <Description/>
            <Help/>
            <PrintName>PM_Telegram_UserState_ID</PrintName>
            <PO_Description/>
            <PO_Help/>
            <PO_Name/>
            <PO_PrintName/>
            <EntityType>U</EntityType>
            <AD_Element_UU>f22386cd-d7cf-4528-8b53-9a0012f051d2</AD_Element_UU>
            <AD_Element_Trl type="translation">
                <Description/>
                <Help/>
                <Name>PM_Telegram_UserState_ID</Name>
                <PO_Description/>
                <PO_Help/>
                <PO_Name/>
                <PO_PrintName/>
                <PrintName>PM_Telegram_UserState_ID</PrintName>
                <AD_Language>ru_RU</AD_Language>
                <IsActive>Y</IsActive>
                <IsTranslated>N</IsTranslated>
            </AD_Element_Trl>
        </AD_Element>
        <AD_Column type="table">
            <IsSyncDatabase>Y</IsSyncDatabase>
            <AD_Table_ID reference="uuid" reference-key="AD_Table">7fa3f3d4-2ed4-446b-93e9-fd679d424f0f</AD_Table_ID>
            <AD_Reference_Value_ID reference="id"/>
            <AD_Client_ID>0</AD_Client_ID>
            <AD_Org_ID>0</AD_Org_ID>
            <Version>0</Version>
            <Name>PM_Telegram_UserState_ID</Name>
            <Description/>
            <Help/>
            <AD_Val_Rule_ID reference="id"/>
            <ColumnName>PM_Telegram_UserState_ID</ColumnName>
            <DefaultValue/>
            <FieldLength>22</FieldLength>
            <IsKey>Y</IsKey>
            <IsParent>N</IsParent>
            <IsMandatory>N</IsMandatory>
            <IsTranslated>N</IsTranslated>
            <IsIdentifier>N</IsIdentifier>
            <SeqNo>0</SeqNo>
            <IsEncrypted>N</IsEncrypted>
            <AD_Reference_ID reference="id">13</AD_Reference_ID>
            <IsActive>Y</IsActive>
            <VFormat/>
            <Callout/>
            <AD_Element_ID reference="uuid" reference-key="AD_Element">f22386cd-d7cf-4528-8b53-9a0012f051d2</AD_Element_ID>
            <IsUpdateable>N</IsUpdateable>
            <AD_Process_ID reference="id"/>
            <ValueMin/>
            <ValueMax/>
            <IsSelectionColumn>N</IsSelectionColumn>
            <ReadOnlyLogic/>
            <EntityType>U</EntityType>
            <IsAlwaysUpdateable>N</IsAlwaysUpdateable>
            <ColumnSQL/>
            <MandatoryLogic/>
            <IsAutocomplete>N</IsAutocomplete>
            <IsAllowLogging>N</IsAllowLogging>
            <FormatPattern/>
            <AD_Chart_ID reference="id"/>
            <AD_Column_UU>ac7e8612-c568-4066-a626-d6c7ae7d15e2</AD_Column_UU>
            <IsAllowCopy>N</IsAllowCopy>
            <SeqNoSelection>0</SeqNoSelection>
            <IsToolbarButton>N</IsToolbarButton>
            <IsSecure>N</IsSecure>
            <FKConstraintName/>
            <FKConstraintType>N</FKConstraintType>
        </AD_Column>
        <AD_Column type="table">
            <IsSyncDatabase>Y</IsSyncDatabase>
            <AD_Table_ID reference="uuid" reference-key="AD_Table">7fa3f3d4-2ed4-446b-93e9-fd679d424f0f</AD_Table_ID>
            <AD_Reference_Value_ID reference="id"/>
            <AD_Client_ID>0</AD_Client_ID>
            <AD_Org_ID>0</AD_Org_ID>
            <Version>0</Version>
            <Name>Client</Name>
            <Description>Client/Tenant for this installation.</Description>
            <Help>A Client is a company or a legal entity. You cannot share data between Clients. Tenant is a synonym for Client.</Help>
            <AD_Val_Rule_ID reference="id">129</AD_Val_Rule_ID>
            <ColumnName>AD_Client_ID</ColumnName>
            <DefaultValue>@#AD_Client_ID@</DefaultValue>
            <FieldLength>22</FieldLength>
            <IsKey>N</IsKey>
            <IsParent>N</IsParent>
            <IsMandatory>N</IsMandatory>
            <IsTranslated>N</IsTranslated>
            <IsIdentifier>N</IsIdentifier>
            <SeqNo>0</SeqNo>
            <IsEncrypted>N</IsEncrypted>
            <AD_Reference_ID reference="id">19</AD_Reference_ID>
            <IsActive>Y</IsActive>
            <VFormat/>
            <Callout/>
            <AD_Element_ID reference="id">102</AD_Element_ID>
            <IsUpdateable>N</IsUpdateable>
            <AD_Process_ID reference="id"/>
            <ValueMin/>
            <ValueMax/>
            <IsSelectionColumn>N</IsSelectionColumn>
            <ReadOnlyLogic/>
            <EntityType>U</EntityType>
            <IsAlwaysUpdateable>N</IsAlwaysUpdateable>
            <ColumnSQL/>
            <MandatoryLogic/>
            <IsAutocomplete>N</IsAutocomplete>
            <IsAllowLogging>N</IsAllowLogging>
            <FormatPattern/>
            <AD_Chart_ID reference="id"/>
            <AD_Column_UU>d31c6231-9ace-4786-b0fe-1b84d814d246</AD_Column_UU>
            <IsAllowCopy>N</IsAllowCopy>
            <SeqNoSelection>0</SeqNoSelection>
            <IsToolbarButton>N</IsToolbarButton>
            <IsSecure>N</IsSecure>
            <FKConstraintName/>
            <FKConstraintType>D</FKConstraintType>
        </AD_Column>
        <AD_Column type="table">
            <IsSyncDatabase>Y</IsSyncDatabase>
            <AD_Table_ID reference="uuid" reference-key="AD_Table">7fa3f3d4-2ed4-446b-93e9-fd679d424f0f</AD_Table_ID>
            <AD_Reference_Value_ID reference="id"/>
            <AD_Client_ID>0</AD_Client_ID>
            <AD_Org_ID>0</AD_Org_ID>
            <Version>0</Version>
            <Name>Organization</Name>
            <Description>Organizational entity within client</Description>
            <Help>An organization is a unit of your client or legal entity - examples are store, department. You can share data between organizations.</Help>
            <AD_Val_Rule_ID reference="id">104</AD_Val_Rule_ID>
            <ColumnName>AD_Org_ID</ColumnName>
            <DefaultValue>@#AD_Org_ID@</DefaultValue>
            <FieldLength>22</FieldLength>
            <IsKey>N</IsKey>
            <IsParent>N</IsParent>
            <IsMandatory>N</IsMandatory>
            <IsTranslated>N</IsTranslated>
            <IsIdentifier>N</IsIdentifier>
            <SeqNo>0</SeqNo>
            <IsEncrypted>N</IsEncrypted>
            <AD_Reference_ID reference="id">19</AD_Reference_ID>
            <IsActive>Y</IsActive>
            <VFormat/>
            <Callout/>
            <AD_Element_ID reference="id">113</AD_Element_ID>
            <IsUpdateable>N</IsUpdateable>
            <AD_Process_ID reference="id"/>
            <ValueMin/>
            <ValueMax/>
            <IsSelectionColumn>N</IsSelectionColumn>
            <ReadOnlyLogic/>
            <EntityType>U</EntityType>
            <IsAlwaysUpdateable>N</IsAlwaysUpdateable>
            <ColumnSQL/>
            <MandatoryLogic/>
            <IsAutocomplete>N</IsAutocomplete>
            <IsAllowLogging>N</IsAllowLogging>
            <FormatPattern/>
            <AD_Chart_ID reference="id"/>
            <AD_Column_UU>7afb2bb0-6184-4a45-9a5f-8457df6cff08</AD_Column_UU>
            <IsAllowCopy>N</IsAllowCopy>
            <SeqNoSelection>0</SeqNoSelection>
            <IsToolbarButton>N</IsToolbarButton>
            <IsSecure>N</IsSecure>
            <FKConstraintName/>
            <FKConstraintType>D</FKConstraintType>
        </AD_Column>
        <AD_Column type="table">
            <IsSyncDatabase>Y</IsSyncDatabase>
            <AD_Table_ID reference="uuid" reference-key="AD_Table">7fa3f3d4-2ed4-446b-93e9-fd679d424f0f</AD_Table_ID>
            <AD_Reference_Value_ID reference="id"/>
            <AD_Client_ID>0</AD_Client_ID>
            <AD_Org_ID>0</AD_Org_ID>
            <Version>0</Version>
            <Name>Created</Name>
            <Description>Date this record was created</Description>
            <Help>The Created field indicates the date that this record was created.</Help>
            <AD_Val_Rule_ID reference="id"/>
            <ColumnName>Created</ColumnName>
            <DefaultValue>SYSDATE</DefaultValue>
            <FieldLength>7</FieldLength>
            <IsKey>N</IsKey>
            <IsParent>N</IsParent>
            <IsMandatory>N</IsMandatory>
            <IsTranslated>N</IsTranslated>
            <IsIdentifier>N</IsIdentifier>
            <SeqNo>0</SeqNo>
            <IsEncrypted>N</IsEncrypted>
            <AD_Reference_ID reference="id">16</AD_Reference_ID>
            <IsActive>Y</IsActive>
            <VFormat/>
            <Callout/>
            <AD_Element_ID reference="id">245</AD_Element_ID>
            <IsUpdateable>N</IsUpdateable>
            <AD_Process_ID reference="id"/>
            <ValueMin/>
            <ValueMax/>
            <IsSelectionColumn>N</IsSelectionColumn>
            <ReadOnlyLogic/>
            <EntityType>U</EntityType>
            <IsAlwaysUpdateable>N</IsAlwaysUpdateable>
            <ColumnSQL/>
            <MandatoryLogic/>
            <IsAutocomplete>N</IsAutocomplete>
            <IsAllowLogging>N</IsAllowLogging>
            <FormatPattern/>
            <AD_Chart_ID reference="id"/>
            <AD_Column_UU>5d8c8cc4-f2b5-4cf2-a04e-654fa4a74b55</AD_Column_UU>
            <IsAllowCopy>N</IsAllowCopy>
            <SeqNoSelection>0</SeqNoSelection>
            <IsToolbarButton>N</IsToolbarButton>
            <IsSecure>N</IsSecure>
            <FKConstraintName/>
            <FKConstraintType>N</FKConstraintType>
        </AD_Column>
        <AD_Column type="table">
            <IsSyncDatabase>Y</IsSyncDatabase>
            <AD_Table_ID reference="uuid" reference-key="AD_Table">7fa3f3d4-2ed4-446b-93e9-fd679d424f0f</AD_Table_ID>
            <AD_Reference_Value_ID reference="id">110</AD_Reference_Value_ID>
            <AD_Client_ID>0</AD_Client_ID>
            <AD_Org_ID>0</AD_Org_ID>
            <Version>0</Version>
            <Name>Created By</Name>
            <Description>User who created this records</Description>
            <Help>The Created By field indicates the user who created this record.</Help>
            <AD_Val_Rule_ID reference="id"/>
            <ColumnName>CreatedBy</ColumnName>
            <DefaultValue/>
            <FieldLength>22</FieldLength>
            <IsKey>N</IsKey>
            <IsParent>N</IsParent>
            <IsMandatory>N</IsMandatory>
            <IsTranslated>N</IsTranslated>
            <IsIdentifier>N</IsIdentifier>
            <SeqNo>0</SeqNo>
            <IsEncrypted>N</IsEncrypted>
            <AD_Reference_ID reference="id">18</AD_Reference_ID>
            <IsActive>Y</IsActive>
            <VFormat/>
            <Callout/>
            <AD_Element_ID reference="id">246</AD_Element_ID>
            <IsUpdateable>N</IsUpdateable>
            <AD_Process_ID reference="id"/>
            <ValueMin/>
            <ValueMax/>
            <IsSelectionColumn>N</IsSelectionColumn>
            <ReadOnlyLogic/>
            <EntityType>U</EntityType>
            <IsAlwaysUpdateable>N</IsAlwaysUpdateable>
            <ColumnSQL/>
            <MandatoryLogic/>
            <IsAutocomplete>N</IsAutocomplete>
            <IsAllowLogging>N</IsAllowLogging>
            <FormatPattern/>
            <AD_Chart_ID reference="id"/>
            <AD_Column_UU>d0b6520a-dd25-4da4-b4e9-85433e37587f</AD_Column_UU>
            <IsAllowCopy>N</IsAllowCopy>
            <SeqNoSelection>0</SeqNoSelection>
            <IsToolbarButton>N</IsToolbarButton>
            <IsSecure>N</IsSecure>
            <FKConstraintName/>
            <FKConstraintType>D</FKConstraintType>
        </AD_Column>
        <AD_Column type="table">
            <IsSyncDatabase>Y</IsSyncDatabase>
            <AD_Table_ID reference="uuid" reference-key="AD_Table">7fa3f3d4-2ed4-446b-93e9-fd679d424f0f</AD_Table_ID>
            <AD_Reference_Value_ID reference="id">110</AD_Reference_Value_ID>
            <AD_Client_ID>0</AD_Client_ID>
            <AD_Org_ID>0</AD_Org_ID>
            <Version>0</Version>
            <Name>Updated By</Name>
            <Description>User who updated this records</Description>
            <Help>The Updated By field indicates the user who updated this record.</Help>
            <AD_Val_Rule_ID reference="id"/>
            <ColumnName>UpdatedBy</ColumnName>
            <DefaultValue/>
            <FieldLength>22</FieldLength>
            <IsKey>N</IsKey>
            <IsParent>N</IsParent>
            <IsMandatory>N</IsMandatory>
            <IsTranslated>N</IsTranslated>
            <IsIdentifier>N</IsIdentifier>
            <SeqNo>0</SeqNo>
            <IsEncrypted>N</IsEncrypted>
            <AD_Reference_ID reference="id">18</AD_Reference_ID>
            <IsActive>Y</IsActive>
            <VFormat/>
            <Callout/>
            <AD_Element_ID reference="id">608</AD_Element_ID>
            <IsUpdateable>N</IsUpdateable>
            <AD_Process_ID reference="id"/>
            <ValueMin/>
            <ValueMax/>
            <IsSelectionColumn>N</IsSelectionColumn>
            <ReadOnlyLogic/>
            <EntityType>U</EntityType>
            <IsAlwaysUpdateable>N</IsAlwaysUpdateable>
            <ColumnSQL/>
            <MandatoryLogic/>
            <IsAutocomplete>N</IsAutocomplete>
            <IsAllowLogging>N</IsAllowLogging>
            <FormatPattern/>
            <AD_Chart_ID reference="id"/>
            <AD_Column_UU>50f62bcc-78db-40ac-ad4e-01a5f474c36f</AD_Column_UU>
            <IsAllowCopy>N</IsAllowCopy>
            <SeqNoSelection>0</SeqNoSelection>
            <IsToolbarButton>N</IsToolbarButton>
            <IsSecure>N</IsSecure>
            <FKConstraintName/>
            <FKConstraintType>D</FKConstraintType>
        </AD_Column>
        <AD_Column type="table">
            <IsSyncDatabase>Y</IsSyncDatabase>
            <AD_Table_ID reference="uuid" reference-key="AD_Table">7fa3f3d4-2ed4-446b-93e9-fd679d424f0f</AD_Table_ID>
            <AD_Reference_Value_ID reference="id"/>
            <AD_Client_ID>0</AD_Client_ID>
            <AD_Org_ID>0</AD_Org_ID>
            <Version>0</Version>
            <Name>Updated</Name>
            <Description>Date this record was updated</Description>
            <Help>The Updated field indicates the date that this record was updated.</Help>
            <AD_Val_Rule_ID reference="id"/>
            <ColumnName>Updated</ColumnName>
            <DefaultValue>SYSDATE</DefaultValue>
            <FieldLength>7</FieldLength>
            <IsKey>N</IsKey>
            <IsParent>N</IsParent>
            <IsMandatory>N</IsMandatory>
            <IsTranslated>N</IsTranslated>
            <IsIdentifier>N</IsIdentifier>
            <SeqNo>0</SeqNo>
            <IsEncrypted>N</IsEncrypted>
            <AD_Reference_ID reference="id">16</AD_Reference_ID>
            <IsActive>Y</IsActive>
            <VFormat/>
            <Callout/>
            <AD_Element_ID reference="id">607</AD_Element_ID>
            <IsUpdateable>N</IsUpdateable>
            <AD_Process_ID reference="id"/>
            <ValueMin/>
            <ValueMax/>
            <IsSelectionColumn>N</IsSelectionColumn>
            <ReadOnlyLogic/>
            <EntityType>U</EntityType>
            <IsAlwaysUpdateable>N</IsAlwaysUpdateable>
            <ColumnSQL/>
            <MandatoryLogic/>
            <IsAutocomplete>N</IsAutocomplete>
            <IsAllowLogging>N</IsAllowLogging>
            <FormatPattern/>
            <AD_Chart_ID reference="id"/>
            <AD_Column_UU>31b11160-7762-4b7b-9b9d-b44aee832e24</AD_Column_UU>
            <IsAllowCopy>N</IsAllowCopy>
            <SeqNoSelection>0</SeqNoSelection>
            <IsToolbarButton>N</IsToolbarButton>
            <IsSecure>N</IsSecure>
            <FKConstraintName/>
            <FKConstraintType>N</FKConstraintType>
        </AD_Column>
        <AD_Column type="table">
            <IsSyncDatabase>Y</IsSyncDatabase>
            <AD_Table_ID reference="uuid" reference-key="AD_Table">7fa3f3d4-2ed4-446b-93e9-fd679d424f0f</AD_Table_ID>
            <AD_Reference_Value_ID reference="id"/>
            <AD_Client_ID>0</AD_Client_ID>
            <AD_Org_ID>0</AD_Org_ID>
            <Version>0</Version>
            <Name>Active</Name>
            <Description>The record is active in the system</Description>
            <Help>There are two methods of making records unavailable in the system: One is to delete the record, the other is to de-activate the record. A de-activated record is not available for selection, but available for reports.
There are two reasons for de-activating and not deleting records:
(1) The system requires the record for audit purposes.
(2) The record is referenced by other records. E.g., you cannot delete a Business Partner, if there are invoices for this partner record existing. You de-activate the Business Partner and prevent that this record is used for future entries.</Help>
            <AD_Val_Rule_ID reference="id"/>
            <ColumnName>IsActive</ColumnName>
            <DefaultValue>Y</DefaultValue>
            <FieldLength>1</FieldLength>
            <IsKey>N</IsKey>
            <IsParent>N</IsParent>
            <IsMandatory>N</IsMandatory>
            <IsTranslated>N</IsTranslated>
            <IsIdentifier>N</IsIdentifier>
            <SeqNo>0</SeqNo>
            <IsEncrypted>N</IsEncrypted>
            <AD_Reference_ID reference="id">20</AD_Reference_ID>
            <IsActive>Y</IsActive>
            <VFormat/>
            <Callout/>
            <AD_Element_ID reference="id">348</AD_Element_ID>
            <IsUpdateable>Y</IsUpdateable>
            <AD_Process_ID reference="id"/>
            <ValueMin/>
            <ValueMax/>
            <IsSelectionColumn>N</IsSelectionColumn>
            <ReadOnlyLogic/>
            <EntityType>U</EntityType>
            <IsAlwaysUpdateable>N</IsAlwaysUpdateable>
            <ColumnSQL/>
            <MandatoryLogic/>
            <IsAutocomplete>N</IsAutocomplete>
            <IsAllowLogging>N</IsAllowLogging>
            <FormatPattern/>
            <AD_Chart_ID reference="id"/>
            <AD_Column_UU>59747dc3-ddba-4dd5-892a-ec0cbb9b0257</AD_Column_UU>
            <IsAllowCopy>N</IsAllowCopy>
            <SeqNoSelection>0</SeqNoSelection>
            <IsToolbarButton>N</IsToolbarButton>
            <IsSecure>N</IsSecure>
            <FKConstraintName/>
            <FKConstraintType>N</FKConstraintType>
        </AD_Column>
        <AD_Element type="table">
            <AD_Client_ID>0</AD_Client_ID>
            <AD_Org_ID>0</AD_Org_ID>
            <IsActive>Y</IsActive>
            <ColumnName>PM_Telegram_UserState_UU</ColumnName>
            <Name>PM_Telegram_UserState_UU</Name>
            <Description/>
            <Help/>
            <PrintName>PM_Telegram_UserState_UU</PrintName>
            <PO_Description/>
            <PO_Help/>
            <PO_Name/>
            <PO_PrintName/>
            <EntityType>U</EntityType>
            <AD_Element_UU>d5858695-8c62-4bd2-9c28-c70eebd2ba03</AD_Element_UU>
            <AD_Element_Trl type="translation">
                <Description/>
                <Help/>
                <Name>PM_Telegram_UserState_UU</Name>
                <PO_Description/>
                <PO_Help/>
                <PO_Name/>
                <PO_PrintName/>
                <PrintName>PM_Telegram_UserState_UU</PrintName>
                <AD_Language>ru_RU</AD_Language>
                <IsActive>Y</IsActive>
                <IsTranslated>N</IsTranslated>
            </AD_Element_Trl>
        </AD_Element>
        <AD_Column type="table">
            <IsSyncDatabase>Y</IsSyncDatabase>
            <AD_Table_ID reference="uuid" reference-key="AD_Table">7fa3f3d4-2ed4-446b-93e9-fd679d424f0f</AD_Table_ID>
            <AD_Reference_Value_ID reference="id"/>
            <AD_Client_ID>0</AD_Client_ID>
            <AD_Org_ID>0</AD_Org_ID>
            <Version>0</Version>
            <Name>PM_Telegram_UserState_UU</Name>
            <Description/>
            <Help/>
            <AD_Val_Rule_ID reference="id"/>
            <ColumnName>PM_Telegram_UserState_UU</ColumnName>
            <DefaultValue/>
            <FieldLength>36</FieldLength>
            <IsKey>N</IsKey>
            <IsParent>N</IsParent>
            <IsMandatory>N</IsMandatory>
            <IsTranslated>N</IsTranslated>
            <IsIdentifier>N</IsIdentifier>
            <SeqNo>0</SeqNo>
            <IsEncrypted>N</IsEncrypted>
            <AD_Reference_ID reference="id">10</AD_Reference_ID>
            <IsActive>Y</IsActive>
            <VFormat/>
            <Callout/>
            <AD_Element_ID reference="uuid" reference-key="AD_Element">d5858695-8c62-4bd2-9c28-c70eebd2ba03</AD_Element_ID>
            <IsUpdateable>N</IsUpdateable>
            <AD_Process_ID reference="id"/>
            <ValueMin/>
            <ValueMax/>
            <IsSelectionColumn>N</IsSelectionColumn>
            <ReadOnlyLogic/>
            <EntityType>U</EntityType>
            <IsAlwaysUpdateable>N</IsAlwaysUpdateable>
            <ColumnSQL/>
            <MandatoryLogic/>
            <IsAutocomplete>N</IsAutocomplete>
            <IsAllowLogging>N</IsAllowLogging>
            <FormatPattern/>
            <AD_Chart_ID reference="id"/>
            <AD_Column_UU>77a86e79-7c5a-4788-9edb-c81ed1c52785</AD_Column_UU>
            <IsAllowCopy>N</IsAllowCopy>
            <SeqNoSelection>0</SeqNoSelection>
            <IsToolbarButton>N</IsToolbarButton>
            <IsSecure>N</IsSecure>
            <FKConstraintName/>
            <FKConstraintType>N</FKConstraintType>
        </AD_Column>
        <AD_Column type="table">
            <IsSyncDatabase>Y</IsSyncDatabase>
            <AD_Table_ID reference="uuid" reference-key="AD_Table">7fa3f3d4-2ed4-446b-93e9-fd679d424f0f</AD_Table_ID>
            <AD_Reference_Value_ID reference="id"/>
            <AD_Client_ID>0</AD_Client_ID>
            <AD_Org_ID>0</AD_Org_ID>
            <Version>0</Version>
            <Name>PM_TelegramBot_ID</Name>
            <Description/>
            <Help/>
            <AD_Val_Rule_ID reference="id"/>
            <ColumnName>PM_TelegramBot_ID</ColumnName>
            <DefaultValue/>
            <FieldLength>22</FieldLength>
            <IsKey>N</IsKey>
            <IsParent>N</IsParent>
            <IsMandatory>N</IsMandatory>
            <IsTranslated>N</IsTranslated>
            <IsIdentifier>N</IsIdentifier>
            <SeqNo>0</SeqNo>
            <IsEncrypted>N</IsEncrypted>
            <AD_Reference_ID reference="id">19</AD_Reference_ID>
            <IsActive>Y</IsActive>
            <VFormat/>
            <Callout/>
            <AD_Element_ID reference="uuid" reference-key="AD_Element">0d5a34e7-7868-4db1-9780-169e031c0d19</AD_Element_ID>
            <IsUpdateable>N</IsUpdateable>
            <AD_Process_ID reference="id"/>
            <ValueMin/>
            <ValueMax/>
            <IsSelectionColumn>N</IsSelectionColumn>
            <ReadOnlyLogic/>
            <EntityType>U</EntityType>
            <IsAlwaysUpdateable>N</IsAlwaysUpdateable>
            <ColumnSQL/>
            <MandatoryLogic/>
            <IsAutocomplete>N</IsAutocomplete>
            <IsAllowLogging>N</IsAllowLogging>
            <FormatPattern/>
            <AD_Chart_ID reference="id"/>
            <AD_Column_UU>b73b1c12-c301-45f0-b7ba-7f978909fe58</AD_Column_UU>
            <IsAllowCopy>Y</IsAllowCopy>
            <SeqNoSelection>0</SeqNoSelection>
            <IsToolbarButton>N</IsToolbarButton>
            <IsSecure>N</IsSecure>
            <FKConstraintName>PMTelegramBot_PMTelegramUserSt</FKConstraintName>
            <FKConstraintType>N</FKConstraintType>
        </AD_Column>
        <AD_Element type="table">
            <AD_Client_ID>0</AD_Client_ID>
            <AD_Org_ID>0</AD_Org_ID>
            <IsActive>Y</IsActive>
            <ColumnName>TelegramAccountID</ColumnName>
            <Name>TelegramAccountID</Name>
            <Description/>
            <Help/>
            <PrintName>TelegramAccountID</PrintName>
            <PO_Description/>
            <PO_Help/>
            <PO_Name/>
            <PO_PrintName/>
            <EntityType>U</EntityType>
            <AD_Element_UU>053435a0-b4b8-4ce6-b68e-78c91205ee02</AD_Element_UU>
            <AD_Element_Trl type="translation">
                <Description/>
                <Help/>
                <Name>Основной аккаунт Телеграма</Name>
                <PO_Description/>
                <PO_Help/>
                <PO_Name/>
                <PO_PrintName/>
                <PrintName>TelegramAccountID</PrintName>
                <AD_Language>ru_RU</AD_Language>
                <IsActive>Y</IsActive>
                <IsTranslated>N</IsTranslated>
            </AD_Element_Trl>
        </AD_Element>
        <AD_Column type="table">
            <IsSyncDatabase>Y</IsSyncDatabase>
            <AD_Table_ID reference="uuid" reference-key="AD_Table">7fa3f3d4-2ed4-446b-93e9-fd679d424f0f</AD_Table_ID>
            <AD_Reference_Value_ID reference="id"/>
            <AD_Client_ID>0</AD_Client_ID>
            <AD_Org_ID>0</AD_Org_ID>
            <Version>0</Version>
            <Name>TelegramAccountID</Name>
            <Description/>
            <Help/>
            <AD_Val_Rule_ID reference="id"/>
            <ColumnName>TelegramAccountID</ColumnName>
            <DefaultValue/>
            <FieldLength>10</FieldLength>
            <IsKey>N</IsKey>
            <IsParent>N</IsParent>
            <IsMandatory>N</IsMandatory>
            <IsTranslated>N</IsTranslated>
            <IsIdentifier>N</IsIdentifier>
            <SeqNo>0</SeqNo>
            <IsEncrypted>N</IsEncrypted>
            <AD_Reference_ID reference="id">11</AD_Reference_ID>
            <IsActive>Y</IsActive>
            <VFormat/>
            <Callout/>
            <AD_Element_ID reference="uuid" reference-key="AD_Element">053435a0-b4b8-4ce6-b68e-78c91205ee02</AD_Element_ID>
            <IsUpdateable>N</IsUpdateable>
            <AD_Process_ID reference="id"/>
            <ValueMin/>
            <ValueMax/>
            <IsSelectionColumn>N</IsSelectionColumn>
            <ReadOnlyLogic/>
            <EntityType>U</EntityType>
            <IsAlwaysUpdateable>N</IsAlwaysUpdateable>
            <ColumnSQL/>
            <MandatoryLogic/>
            <IsAutocomplete>N</IsAutocomplete>
            <IsAllowLogging>N</IsAllowLogging>
            <FormatPattern/>
            <AD_Chart_ID reference="id"/>
            <AD_Column_UU>622662d1-12a0-4faa-8920-00419d19d669</AD_Column_UU>
            <IsAllowCopy>Y</IsAllowCopy>
            <SeqNoSelection>0</SeqNoSelection>
            <IsToolbarButton>N</IsToolbarButton>
            <IsSecure>N</IsSecure>
            <FKConstraintName/>
            <FKConstraintType>N</FKConstraintType>
        </AD_Column>
        <AD_Element type="table">
            <AD_Client_ID>0</AD_Client_ID>
            <AD_Org_ID>0</AD_Org_ID>
            <IsActive>Y</IsActive>
            <ColumnName>CurrentState</ColumnName>
            <Name>CurrentState</Name>
            <Description/>
            <Help/>
            <PrintName>CurrentState</PrintName>
            <PO_Description/>
            <PO_Help/>
            <PO_Name/>
            <PO_PrintName/>
            <EntityType>U</EntityType>
            <AD_Element_UU>8535f2db-8cb6-4952-bd76-976592227288</AD_Element_UU>
            <AD_Element_Trl type="translation">
                <Description/>
                <Help/>
                <Name>CurrentState</Name>
                <PO_Description/>
                <PO_Help/>
                <PO_Name/>
                <PO_PrintName/>
                <PrintName>CurrentState</PrintName>
                <AD_Language>ru_RU</AD_Language>
                <IsActive>Y</IsActive>
                <IsTranslated>N</IsTranslated>
            </AD_Element_Trl>
        </AD_Element>
        <AD_Column type="table">
            <IsSyncDatabase>Y</IsSyncDatabase>
            <AD_Table_ID reference="uuid" reference-key="AD_Table">7fa3f3d4-2ed4-446b-93e9-fd679d424f0f</AD_Table_ID>
            <AD_Reference_Value_ID reference="id"/>
            <AD_Client_ID>0</AD_Client_ID>
            <AD_Org_ID>0</AD_Org_ID>
            <Version>0</Version>
            <Name>CurrentState</Name>
            <Description/>
            <Help/>
            <AD_Val_Rule_ID reference="id"/>
            <ColumnName>CurrentState</ColumnName>
            <DefaultValue/>
            <FieldLength>10</FieldLength>
            <IsKey>N</IsKey>
            <IsParent>N</IsParent>
            <IsMandatory>N</IsMandatory>
            <IsTranslated>N</IsTranslated>
            <IsIdentifier>N</IsIdentifier>
            <SeqNo>0</SeqNo>
            <IsEncrypted>N</IsEncrypted>
            <AD_Reference_ID reference="id">11</AD_Reference_ID>
            <IsActive>Y</IsActive>
            <VFormat/>
            <Callout/>
            <AD_Element_ID reference="uuid" reference-key="AD_Element">8535f2db-8cb6-4952-bd76-976592227288</AD_Element_ID>
            <IsUpdateable>Y</IsUpdateable>
            <AD_Process_ID reference="id"/>
            <ValueMin/>
            <ValueMax/>
            <IsSelectionColumn>N</IsSelectionColumn>
            <ReadOnlyLogic/>
            <EntityType>U</EntityType>
            <IsAlwaysUpdateable>N</IsAlwaysUpdateable>
            <ColumnSQL/>
            <MandatoryLogic/>
            <IsAutocomplete>N</IsAutocomplete>
            <IsAllowLogging>N</IsAllowLogging>
            <FormatPattern/>
            <AD_Chart_ID reference="id"/>
            <AD_Column_UU>f625db88-0333-4bee-aaaa-efe498c8e46c</AD_Column_UU>
            <IsAllowCopy>Y</IsAllowCopy>
            <SeqNoSelection>0</SeqNoSelection>
            <IsToolbarButton>N</IsToolbarButton>
            <IsSecure>N</IsSecure>
            <FKConstraintName/>
            <FKConstraintType>N</FKConstraintType>
        </AD_Column>
        <AD_Element type="table">
            <AD_Client_ID>0</AD_Client_ID>
            <AD_Org_ID>0</AD_Org_ID>
            <IsActive>Y</IsActive>
            <ColumnName>StateValue</ColumnName>
            <Name>StateValue</Name>
            <Description/>
            <Help/>
            <PrintName>StateValue</PrintName>
            <PO_Description/>
            <PO_Help/>
            <PO_Name/>
            <PO_PrintName/>
            <EntityType>U</EntityType>
            <AD_Element_UU>56a54286-af79-4390-bea6-0089cb88aebd</AD_Element_UU>
            <AD_Element_Trl type="translation">
                <Description/>
                <Help/>
                <Name>StateValue</Name>
                <PO_Description/>
                <PO_Help/>
                <PO_Name/>
                <PO_PrintName/>
                <PrintName>StateValue</PrintName>
                <AD_Language>ru_RU</AD_Language>
                <IsActive>Y</IsActive>
                <IsTranslated>N</IsTranslated>
            </AD_Element_Trl>
        </AD_Element>
        <AD_Column type="table">
            <IsSyncDatabase>Y</IsSyncDatabase>
            <AD_Table_ID reference="uuid" reference-key="AD_Table">7fa3f3d4-2ed4-446b-93e9-fd679d424f0f</AD_Table_ID>
            <AD_Reference_Value_ID reference="id"/>
            <AD_Client_ID>0</AD_Client_ID>
            <AD_Org_ID>0</AD_Org_ID>
            <Version>0</Version>
            <Name>StateValue</Name>
            <Description/>
            <Help/>
            <AD_Val_Rule_ID reference="id"/>
            <ColumnName>StateValue</ColumnName>
            <DefaultValue/>
            <FieldLength>2000</FieldLength>
            <IsKey>N</IsKey>
            <IsParent>N</IsParent>
            <IsMandatory>N</IsMandatory>
            <IsTranslated>N</IsTranslated>
            <IsIdentifier>N</IsIdentifier>
            <SeqNo>0</SeqNo>
            <IsEncrypted>N</IsEncrypted>
            <AD_Reference_ID reference="id">10</AD_Reference_ID>
            <IsActive>Y</IsActive>
            <VFormat/>
            <Callout/>
            <AD_Element_ID reference="uuid" reference-key="AD_Element">56a54286-af79-4390-bea6-0089cb88aebd</AD_Element_ID>
            <IsUpdateable>Y</IsUpdateable>
            <AD_Process_ID reference="id"/>
            <ValueMin/>
            <ValueMax/>
            <IsSelectionColumn>N</IsSelectionColumn>
            <ReadOnlyLogic/>
            <EntityType>U</EntityType>
            <IsAlwaysUpdateable>N</IsAlwaysUpdateable>
            <ColumnSQL/>
            <MandatoryLogic/>
            <IsAutocomplete>N</IsAutocomplete>
            <IsAllowLogging>N</IsAllowLogging>
            <FormatPattern/>
            <AD_Chart_ID reference="id"/>
            <AD_Column_UU>cfd85546-eb01-42bf-aa55-dde403a76fcb</AD_Column_UU>
            <IsAllowCopy>Y</IsAllowCopy>
            <SeqNoSelection>0</SeqNoSelection>
            <IsToolbarButton>N</IsToolbarButton>
            <IsSecure>N</IsSecure>
            <FKConstraintName/>
            <FKConstraintType>N</FKConstraintType>
        </AD_Column>
    </AD_Table>
    <AD_Window type="table">
        <AD_Client_ID>0</AD_Client_ID>
        <AD_Org_ID>0</AD_Org_ID>
        <Name>Telegram bot</Name>
        <Description/>
        <Help/>
        <IsActive>Y</IsActive>
        <WindowType>M</WindowType>
        <Processing>N</Processing>
        <AD_Color_ID reference="id"/>
        <AD_Image_ID reference="id"/>
        <EntityType>U</EntityType>
        <IsSOTrx>Y</IsSOTrx>
        <IsDefault>N</IsDefault>
        <WinHeight>0</WinHeight>
        <WinWidth>0</WinWidth>
        <IsBetaFunctionality>N</IsBetaFunctionality>
        <AD_Window_UU>1301a838-cbd5-4c52-aec6-7605c5a2cf91</AD_Window_UU>
        <TitleLogic/>
        <AD_Window_Trl type="translation">
            <Description/>
            <Help/>
            <Name>Telegram bot</Name>
            <AD_Language>ru_RU</AD_Language>
            <IsActive>Y</IsActive>
            <IsTranslated>N</IsTranslated>
        </AD_Window_Trl>
        <AD_Tab type="table">
            <AD_Client_ID>0</AD_Client_ID>
            <AD_Org_ID>0</AD_Org_ID>
            <Name>Telegram bot</Name>
            <Description/>
            <Help/>
            <AD_Window_ID reference="uuid" reference-key="AD_Window">1301a838-cbd5-4c52-aec6-7605c5a2cf91</AD_Window_ID>
            <SeqNo>10</SeqNo>
            <IsSingleRow>Y</IsSingleRow>
            <AD_Table_ID reference="uuid" reference-key="AD_Table">19400c0d-eb72-4b51-8630-b5bda9f96cf5</AD_Table_ID>
            <IsActive>Y</IsActive>
            <HasTree>N</HasTree>
            <IsInfoTab>N</IsInfoTab>
            <IsTranslationTab>N</IsTranslationTab>
            <IsReadOnly>N</IsReadOnly>
            <AD_Column_ID reference="id"/>
            <WhereClause/>
            <OrderByClause/>
            <CommitWarning/>
            <AD_Process_ID reference="id"/>
            <Processing>N</Processing>
            <AD_Image_ID reference="id"/>
            <ImportFields>N</ImportFields>
            <TabLevel>0</TabLevel>
            <IsSortTab>N</IsSortTab>
            <AD_ColumnSortYesNo_ID reference="id"/>
            <AD_ColumnSortOrder_ID reference="id"/>
            <EntityType>U</EntityType>
            <Included_Tab_ID reference="id"/>
            <ReadOnlyLogic/>
            <DisplayLogic/>
            <IsInsertRecord>Y</IsInsertRecord>
            <IsAdvancedTab>N</IsAdvancedTab>
            <Parent_Column_ID reference="id"/>
            <AD_Tab_UU>4e029ebe-c813-4fdb-882e-2671b8fbeed3</AD_Tab_UU>
            <AD_CtxHelp_ID reference="id"/>
            <TreeDisplayedOn>B</TreeDisplayedOn>
            <AD_Tab_Trl type="translation">
                <CommitWarning/>
                <Description/>
                <Help/>
                <Name>Telegram bot</Name>
                <AD_Language>ru_RU</AD_Language>
                <IsActive>Y</IsActive>
                <IsTranslated>N</IsTranslated>
            </AD_Tab_Trl>
            <AD_Field type="table">
                <AD_Client_ID>0</AD_Client_ID>
                <AD_Org_ID>0</AD_Org_ID>
                <Name>PM_TelegramBot_ID</Name>
                <Description/>
                <Help/>
                <AD_Tab_ID reference="uuid" reference-key="AD_Tab">4e029ebe-c813-4fdb-882e-2671b8fbeed3</AD_Tab_ID>
                <AD_Column_ID reference="uuid" reference-key="AD_Column">3954dda4-46b5-4a38-be7f-0dc764d968c0</AD_Column_ID>
                <IsDisplayed>N</IsDisplayed>
                <DisplayLogic/>
                <DisplayLength>22</DisplayLength>
                <SeqNo>0</SeqNo>
                <SortNo/>
                <IsSameLine>N</IsSameLine>
                <IsHeading>N</IsHeading>
                <IsFieldOnly>N</IsFieldOnly>
                <IsEncrypted>N</IsEncrypted>
                <IsActive>Y</IsActive>
                <IsReadOnly>N</IsReadOnly>
                <IsCentrallyMaintained>Y</IsCentrallyMaintained>
                <AD_FieldGroup_ID reference="id"/>
                <EntityType>U</EntityType>
                <ObscureType/>
                <AD_Reference_ID reference="id"/>
                <IsMandatory/>
                <DefaultValue/>
                <AD_Reference_Value_ID reference="id"/>
                <AD_Val_Rule_ID reference="id"/>
                <Included_Tab_ID reference="id"/>
                <AD_Field_UU>764b9cdd-78f2-4f55-8c19-c408e730a6b1</AD_Field_UU>
                <IsAllowCopy/>
                <IsDisplayedGrid>N</IsDisplayedGrid>
                <SeqNoGrid/>
                <XPosition>1</XPosition>
                <ColumnSpan>2</ColumnSpan>
                <NumLines>1</NumLines>
                <IsQuickEntry>N</IsQuickEntry>
                <IsUpdateable/>
                <IsAlwaysUpdateable/>
                <MandatoryLogic/>
                <ReadOnlyLogic/>
                <IsToolbarButton/>
                <IsDefaultFocus>N</IsDefaultFocus>
                <IsAdvancedField>N</IsAdvancedField>
                <VFormat/>
                <ColumnSQL/>
                <ColorLogic/>
                <IsFillEntireLine>N</IsFillEntireLine>
                <AD_Field_Trl type="translation">
                    <Description/>
                    <Help/>
                    <Name>PM_TelegramBot_ID</Name>
                    <AD_Language>ru_RU</AD_Language>
                    <IsActive>Y</IsActive>
                    <IsTranslated>N</IsTranslated>
                </AD_Field_Trl>
            </AD_Field>
            <AD_Field type="table">
                <AD_Client_ID>0</AD_Client_ID>
                <AD_Org_ID>0</AD_Org_ID>
                <Name>PM_TelegramBot_UU</Name>
                <Description/>
                <Help/>
                <AD_Tab_ID reference="uuid" reference-key="AD_Tab">4e029ebe-c813-4fdb-882e-2671b8fbeed3</AD_Tab_ID>
                <AD_Column_ID reference="uuid" reference-key="AD_Column">ab18fa60-28aa-4e53-a6dd-666ccc767553</AD_Column_ID>
                <IsDisplayed>N</IsDisplayed>
                <DisplayLogic/>
                <DisplayLength>36</DisplayLength>
                <SeqNo>0</SeqNo>
                <SortNo/>
                <IsSameLine>N</IsSameLine>
                <IsHeading>N</IsHeading>
                <IsFieldOnly>N</IsFieldOnly>
                <IsEncrypted>N</IsEncrypted>
                <IsActive>Y</IsActive>
                <IsReadOnly>N</IsReadOnly>
                <IsCentrallyMaintained>Y</IsCentrallyMaintained>
                <AD_FieldGroup_ID reference="id"/>
                <EntityType>U</EntityType>
                <ObscureType/>
                <AD_Reference_ID reference="id"/>
                <IsMandatory/>
                <DefaultValue/>
                <AD_Reference_Value_ID reference="id"/>
                <AD_Val_Rule_ID reference="id"/>
                <Included_Tab_ID reference="id"/>
                <AD_Field_UU>8626ec25-a3a9-4f04-85d7-49e41fbb6a13</AD_Field_UU>
                <IsAllowCopy/>
                <IsDisplayedGrid>N</IsDisplayedGrid>
                <SeqNoGrid/>
                <XPosition>1</XPosition>
                <ColumnSpan>2</ColumnSpan>
                <NumLines>1</NumLines>
                <IsQuickEntry>N</IsQuickEntry>
                <IsUpdateable/>
                <IsAlwaysUpdateable/>
                <MandatoryLogic/>
                <ReadOnlyLogic/>
                <IsToolbarButton/>
                <IsDefaultFocus>N</IsDefaultFocus>
                <IsAdvancedField>N</IsAdvancedField>
                <VFormat/>
                <ColumnSQL/>
                <ColorLogic/>
                <IsFillEntireLine>N</IsFillEntireLine>
                <AD_Field_Trl type="translation">
                    <Description/>
                    <Help/>
                    <Name>PM_TelegramBot_UU</Name>
                    <AD_Language>ru_RU</AD_Language>
                    <IsActive>Y</IsActive>
                    <IsTranslated>N</IsTranslated>
                </AD_Field_Trl>
            </AD_Field>
            <AD_Field type="table">
                <AD_Client_ID>0</AD_Client_ID>
                <AD_Org_ID>0</AD_Org_ID>
                <Name>Client</Name>
                <Description>Client/Tenant for this installation.</Description>
                <Help>A Client is a company or a legal entity. You cannot share data between Clients. Tenant is a synonym for Client.</Help>
                <AD_Tab_ID reference="uuid" reference-key="AD_Tab">4e029ebe-c813-4fdb-882e-2671b8fbeed3</AD_Tab_ID>
                <AD_Column_ID reference="uuid" reference-key="AD_Column">ac5db7b8-ed09-474d-95ca-b2aaed1008f1</AD_Column_ID>
                <IsDisplayed>Y</IsDisplayed>
                <DisplayLogic/>
                <DisplayLength>22</DisplayLength>
                <SeqNo>10</SeqNo>
                <SortNo/>
                <IsSameLine>N</IsSameLine>
                <IsHeading>N</IsHeading>
                <IsFieldOnly>N</IsFieldOnly>
                <IsEncrypted>N</IsEncrypted>
                <IsActive>Y</IsActive>
                <IsReadOnly>N</IsReadOnly>
                <IsCentrallyMaintained>Y</IsCentrallyMaintained>
                <AD_FieldGroup_ID reference="id"/>
                <EntityType>U</EntityType>
                <ObscureType/>
                <AD_Reference_ID reference="id"/>
                <IsMandatory/>
                <DefaultValue/>
                <AD_Reference_Value_ID reference="id"/>
                <AD_Val_Rule_ID reference="id"/>
                <Included_Tab_ID reference="id"/>
                <AD_Field_UU>32004514-078e-4c39-b3cf-070670a84a5c</AD_Field_UU>
                <IsAllowCopy/>
                <IsDisplayedGrid>N</IsDisplayedGrid>
                <SeqNoGrid/>
                <XPosition>1</XPosition>
                <ColumnSpan>2</ColumnSpan>
                <NumLines>1</NumLines>
                <IsQuickEntry>N</IsQuickEntry>
                <IsUpdateable/>
                <IsAlwaysUpdateable/>
                <MandatoryLogic/>
                <ReadOnlyLogic/>
                <IsToolbarButton/>
                <IsDefaultFocus>N</IsDefaultFocus>
                <IsAdvancedField>N</IsAdvancedField>
                <VFormat/>
                <ColumnSQL/>
                <ColorLogic/>
                <IsFillEntireLine>N</IsFillEntireLine>
                <AD_Field_Trl type="translation">
                    <Description>Определяет Владельца данной инсталляции</Description>
                    <Help>Владелец - это компания или юридическое лицо. Вы не можете открыть доступ к данным между Владельцами.</Help>
                    <Name>Владелец</Name>
                    <AD_Language>ru_RU</AD_Language>
                    <IsActive>Y</IsActive>
                    <IsTranslated>N</IsTranslated>
                </AD_Field_Trl>
            </AD_Field>
            <AD_Field type="table">
                <AD_Client_ID>0</AD_Client_ID>
                <AD_Org_ID>0</AD_Org_ID>
                <Name>Organization</Name>
                <Description>Organizational entity within client</Description>
                <Help>An organization is a unit of your client or legal entity - examples are store, department. You can share data between organizations.</Help>
                <AD_Tab_ID reference="uuid" reference-key="AD_Tab">4e029ebe-c813-4fdb-882e-2671b8fbeed3</AD_Tab_ID>
                <AD_Column_ID reference="uuid" reference-key="AD_Column">6e82fb45-9be1-401a-a697-8bcd964bd80c</AD_Column_ID>
                <IsDisplayed>Y</IsDisplayed>
                <DisplayLogic/>
                <DisplayLength>22</DisplayLength>
                <SeqNo>20</SeqNo>
                <SortNo/>
                <IsSameLine>N</IsSameLine>
                <IsHeading>N</IsHeading>
                <IsFieldOnly>N</IsFieldOnly>
                <IsEncrypted>N</IsEncrypted>
                <IsActive>Y</IsActive>
                <IsReadOnly>N</IsReadOnly>
                <IsCentrallyMaintained>Y</IsCentrallyMaintained>
                <AD_FieldGroup_ID reference="id"/>
                <EntityType>U</EntityType>
                <ObscureType/>
                <AD_Reference_ID reference="id"/>
                <IsMandatory/>
                <DefaultValue/>
                <AD_Reference_Value_ID reference="id"/>
                <AD_Val_Rule_ID reference="id"/>
                <Included_Tab_ID reference="id"/>
                <AD_Field_UU>2d9a7115-b3e9-42d3-8889-80a06c8d223d</AD_Field_UU>
                <IsAllowCopy>Y</IsAllowCopy>
                <IsDisplayedGrid>N</IsDisplayedGrid>
                <SeqNoGrid>0</SeqNoGrid>
                <XPosition>4</XPosition>
                <ColumnSpan>2</ColumnSpan>
                <NumLines>1</NumLines>
                <IsQuickEntry>N</IsQuickEntry>
                <IsUpdateable/>
                <IsAlwaysUpdateable/>
                <MandatoryLogic/>
                <ReadOnlyLogic/>
                <IsToolbarButton/>
                <IsDefaultFocus>N</IsDefaultFocus>
                <IsAdvancedField>N</IsAdvancedField>
                <VFormat/>
                <ColumnSQL/>
                <ColorLogic/>
                <IsFillEntireLine>N</IsFillEntireLine>
                <AD_Field_Trl type="translation">
                    <Description>Организация Владельца</Description>
                    <Help>Организация - это объект Вашего Владельца или юридическое лицо - например, склад, подразделение. Вы можете открывать доступ к данным между организациями.</Help>
                    <Name>Организация</Name>
                    <AD_Language>ru_RU</AD_Language>
                    <IsActive>Y</IsActive>
                    <IsTranslated>N</IsTranslated>
                </AD_Field_Trl>
            </AD_Field>
            <AD_Field type="table">
                <AD_Client_ID>0</AD_Client_ID>
                <AD_Org_ID>0</AD_Org_ID>
                <Name>Name</Name>
                <Description>Alphanumeric identifier of the entity</Description>
                <Help>The name of an entity (record) is used as an default search option in addition to the search key. The name is up to 60 characters in length.</Help>
                <AD_Tab_ID reference="uuid" reference-key="AD_Tab">4e029ebe-c813-4fdb-882e-2671b8fbeed3</AD_Tab_ID>
                <AD_Column_ID reference="uuid" reference-key="AD_Column">4b1d3c42-929d-40ed-9888-82451dd1fe05</AD_Column_ID>
                <IsDisplayed>Y</IsDisplayed>
                <DisplayLogic/>
                <DisplayLength>60</DisplayLength>
                <SeqNo>30</SeqNo>
                <SortNo/>
                <IsSameLine>N</IsSameLine>
                <IsHeading>N</IsHeading>
                <IsFieldOnly>N</IsFieldOnly>
                <IsEncrypted>N</IsEncrypted>
                <IsActive>Y</IsActive>
                <IsReadOnly>N</IsReadOnly>
                <IsCentrallyMaintained>Y</IsCentrallyMaintained>
                <AD_FieldGroup_ID reference="id"/>
                <EntityType>U</EntityType>
                <ObscureType/>
                <AD_Reference_ID reference="id"/>
                <IsMandatory/>
                <DefaultValue/>
                <AD_Reference_Value_ID reference="id"/>
                <AD_Val_Rule_ID reference="id"/>
                <Included_Tab_ID reference="id"/>
                <AD_Field_UU>258bb565-31e2-4a98-80b7-a980e8c6d263</AD_Field_UU>
                <IsAllowCopy/>
                <IsDisplayedGrid>Y</IsDisplayedGrid>
                <SeqNoGrid>10</SeqNoGrid>
                <XPosition>1</XPosition>
                <ColumnSpan>5</ColumnSpan>
                <NumLines>1</NumLines>
                <IsQuickEntry>N</IsQuickEntry>
                <IsUpdateable/>
                <IsAlwaysUpdateable/>
                <MandatoryLogic/>
                <ReadOnlyLogic/>
                <IsToolbarButton/>
                <IsDefaultFocus>N</IsDefaultFocus>
                <IsAdvancedField>N</IsAdvancedField>
                <VFormat/>
                <ColumnSQL/>
                <ColorLogic/>
                <IsFillEntireLine>N</IsFillEntireLine>
                <AD_Field_Trl type="translation">
                    <Description>Буквенно-цифровой идентификатор объекта</Description>
                    <Help>Название объекта (записи), которое используется. как значение по умолчанию опций поиска в дополнение к ключу поиска. Название может иметь длину до 60 символов.</Help>
                    <Name>Название</Name>
                    <AD_Language>ru_RU</AD_Language>
                    <IsActive>Y</IsActive>
                    <IsTranslated>N</IsTranslated>
                </AD_Field_Trl>
            </AD_Field>
            <AD_Field type="table">
                <AD_Client_ID>0</AD_Client_ID>
                <AD_Org_ID>0</AD_Org_ID>
                <Name>Description</Name>
                <Description>Optional short description of the record</Description>
                <Help>A description is limited to 255 characters.</Help>
                <AD_Tab_ID reference="uuid" reference-key="AD_Tab">4e029ebe-c813-4fdb-882e-2671b8fbeed3</AD_Tab_ID>
                <AD_Column_ID reference="uuid" reference-key="AD_Column">684300cd-0b12-4f86-bdc8-90a72dff4797</AD_Column_ID>
                <IsDisplayed>Y</IsDisplayed>
                <DisplayLogic/>
                <DisplayLength>255</DisplayLength>
                <SeqNo>40</SeqNo>
                <SortNo/>
                <IsSameLine>N</IsSameLine>
                <IsHeading>N</IsHeading>
                <IsFieldOnly>N</IsFieldOnly>
                <IsEncrypted>N</IsEncrypted>
                <IsActive>Y</IsActive>
                <IsReadOnly>N</IsReadOnly>
                <IsCentrallyMaintained>Y</IsCentrallyMaintained>
                <AD_FieldGroup_ID reference="id"/>
                <EntityType>U</EntityType>
                <ObscureType/>
                <AD_Reference_ID reference="id"/>
                <IsMandatory/>
                <DefaultValue/>
                <AD_Reference_Value_ID reference="id"/>
                <AD_Val_Rule_ID reference="id"/>
                <Included_Tab_ID reference="id"/>
                <AD_Field_UU>2fe7c90f-597d-434c-82df-f5327350f34b</AD_Field_UU>
                <IsAllowCopy/>
                <IsDisplayedGrid>N</IsDisplayedGrid>
                <SeqNoGrid>0</SeqNoGrid>
                <XPosition>1</XPosition>
                <ColumnSpan>5</ColumnSpan>
                <NumLines>2</NumLines>
                <IsQuickEntry>N</IsQuickEntry>
                <IsUpdateable/>
                <IsAlwaysUpdateable/>
                <MandatoryLogic/>
                <ReadOnlyLogic/>
                <IsToolbarButton/>
                <IsDefaultFocus>N</IsDefaultFocus>
                <IsAdvancedField>N</IsAdvancedField>
                <VFormat/>
                <ColumnSQL/>
                <ColorLogic/>
                <IsFillEntireLine>N</IsFillEntireLine>
                <AD_Field_Trl type="translation">
                    <Description>Дополнительное краткое описание записи</Description>
                    <Help>Описание ограничено по размеру в 255 символов.</Help>
                    <Name>Описание</Name>
                    <AD_Language>ru_RU</AD_Language>
                    <IsActive>Y</IsActive>
                    <IsTranslated>N</IsTranslated>
                </AD_Field_Trl>
            </AD_Field>
            <AD_Field type="table">
                <AD_Client_ID>0</AD_Client_ID>
                <AD_Org_ID>0</AD_Org_ID>
                <Name>BotToken</Name>
                <Description/>
                <Help/>
                <AD_Tab_ID reference="uuid" reference-key="AD_Tab">4e029ebe-c813-4fdb-882e-2671b8fbeed3</AD_Tab_ID>
                <AD_Column_ID reference="uuid" reference-key="AD_Column">60c8d387-c634-475f-846f-ab0aa61767eb</AD_Column_ID>
                <IsDisplayed>Y</IsDisplayed>
                <DisplayLogic/>
                <DisplayLength>100</DisplayLength>
                <SeqNo>50</SeqNo>
                <SortNo/>
                <IsSameLine>N</IsSameLine>
                <IsHeading>N</IsHeading>
                <IsFieldOnly>N</IsFieldOnly>
                <IsEncrypted>N</IsEncrypted>
                <IsActive>Y</IsActive>
                <IsReadOnly>N</IsReadOnly>
                <IsCentrallyMaintained>Y</IsCentrallyMaintained>
                <AD_FieldGroup_ID reference="id"/>
                <EntityType>U</EntityType>
                <ObscureType/>
                <AD_Reference_ID reference="id"/>
                <IsMandatory/>
                <DefaultValue/>
                <AD_Reference_Value_ID reference="id"/>
                <AD_Val_Rule_ID reference="id"/>
                <Included_Tab_ID reference="id"/>
                <AD_Field_UU>26e31629-145e-45d9-85b0-9114ec418820</AD_Field_UU>
                <IsAllowCopy/>
                <IsDisplayedGrid>N</IsDisplayedGrid>
                <SeqNoGrid>0</SeqNoGrid>
                <XPosition>1</XPosition>
                <ColumnSpan>2</ColumnSpan>
                <NumLines>1</NumLines>
                <IsQuickEntry>N</IsQuickEntry>
                <IsUpdateable/>
                <IsAlwaysUpdateable/>
                <MandatoryLogic/>
                <ReadOnlyLogic/>
                <IsToolbarButton/>
                <IsDefaultFocus>N</IsDefaultFocus>
                <IsAdvancedField>N</IsAdvancedField>
                <VFormat/>
                <ColumnSQL/>
                <ColorLogic/>
                <IsFillEntireLine>N</IsFillEntireLine>
                <AD_Field_Trl type="translation">
                    <Description/>
                    <Help/>
                    <Name>BotToken</Name>
                    <AD_Language>ru_RU</AD_Language>
                    <IsActive>Y</IsActive>
                    <IsTranslated>N</IsTranslated>
                </AD_Field_Trl>
            </AD_Field>
            <AD_Field type="table">
                <AD_Client_ID>0</AD_Client_ID>
                <AD_Org_ID>0</AD_Org_ID>
                <Name>Active</Name>
                <Description>The record is active in the system</Description>
                <Help>There are two methods of making records unavailable in the system: One is to delete the record, the other is to de-activate the record. A de-activated record is not available for selection, but available for reports.
There are two reasons for de-activating and not deleting records:
(1) The system requires the record for audit purposes.
(2) The record is referenced by other records. E.g., you cannot delete a Business Partner, if there are invoices for this partner record existing. You de-activate the Business Partner and prevent that this record is used for future entries.</Help>
                <AD_Tab_ID reference="uuid" reference-key="AD_Tab">4e029ebe-c813-4fdb-882e-2671b8fbeed3</AD_Tab_ID>
                <AD_Column_ID reference="uuid" reference-key="AD_Column">47cce0b9-d07d-49b0-8c67-6d866729a3d2</AD_Column_ID>
                <IsDisplayed>Y</IsDisplayed>
                <DisplayLogic/>
                <DisplayLength>1</DisplayLength>
                <SeqNo>60</SeqNo>
                <SortNo/>
                <IsSameLine>N</IsSameLine>
                <IsHeading>N</IsHeading>
                <IsFieldOnly>N</IsFieldOnly>
                <IsEncrypted>N</IsEncrypted>
                <IsActive>Y</IsActive>
                <IsReadOnly>N</IsReadOnly>
                <IsCentrallyMaintained>Y</IsCentrallyMaintained>
                <AD_FieldGroup_ID reference="id"/>
                <EntityType>U</EntityType>
                <ObscureType/>
                <AD_Reference_ID reference="id"/>
                <IsMandatory/>
                <DefaultValue/>
                <AD_Reference_Value_ID reference="id"/>
                <AD_Val_Rule_ID reference="id"/>
                <Included_Tab_ID reference="id"/>
                <AD_Field_UU>88311584-3373-4abd-8a37-ef39446c4017</AD_Field_UU>
                <IsAllowCopy/>
                <IsDisplayedGrid>Y</IsDisplayedGrid>
                <SeqNoGrid>20</SeqNoGrid>
                <XPosition>5</XPosition>
                <ColumnSpan>1</ColumnSpan>
                <NumLines>1</NumLines>
                <IsQuickEntry>N</IsQuickEntry>
                <IsUpdateable/>
                <IsAlwaysUpdateable/>
                <MandatoryLogic/>
                <ReadOnlyLogic/>
                <IsToolbarButton/>
                <IsDefaultFocus>N</IsDefaultFocus>
                <IsAdvancedField>N</IsAdvancedField>
                <VFormat/>
                <ColumnSQL/>
                <ColorLogic/>
                <IsFillEntireLine>N</IsFillEntireLine>
                <AD_Field_Trl type="translation">
                    <Description>Запись активна в системе</Description>
                    <Help>Есть два метода в системе сделать записи недоступными: первый - удалить запись, второй - сделать деактивацию записи. Деактивированная запись недоступна для выбора, но доступна для отчетов. Имеются две причины для деактивации, но не удаления записей: (1) Системе требуется запись для аудиторских целей. (2) На запись ссылаются другие записи. Например, вы не можете удалить контрагента, если в системе существуют ДО для этой записи контрагента. Вы просто деактивируете контрагента и предполагаете, что эта запись будет использоваться в будущем для каких-то целей.</Help>
                    <Name>Активно</Name>
                    <AD_Language>ru_RU</AD_Language>
                    <IsActive>Y</IsActive>
                    <IsTranslated>N</IsTranslated>
                </AD_Field_Trl>
            </AD_Field>
        </AD_Tab>
    </AD_Window>
</idempiere>
