<?xml version="1.0" encoding="UTF-8"?><?xml-stylesheet type="text/css" href="idempiereDocument.css"?><idempiereDocument>
    <header>org.palichmos.community.telegram Package Description</header>
    <H1>Package Name:</H1>
    <packagename>org.palichmos.community.telegram</packagename>
    <H1>Author:</H1>
    <Name:/>
    <H1>Email Address:</H1>
    <Email>polkneket@gmail.com</Email>
    <H1>Created:</H1>
    <Date>2020-09-20 17:26:46.513</Date>
    <H1>Updated:</H1>
    <Date>2020-09-20 17:32:15.725</Date>
    <H1>Description:</H1>
    <description>This 2Pack from Telegram Bot API plugin
Repository https://github.com/NikColonel/org.palichmos.community.telegram</description>
    <H1>Instructions:</H1>
    <instructions/>
    <H1>Files in Package:</H1>
    <file>File: PackOut.xml</file>
    <filedirectory>Directory: \dict\</filedirectory>
    <filenotes>Notes: Contains all application/object settings for package</filenotes>
    <H1>Client:</H1>
    <Client>0-SYSTEM-System</Client>
</idempiereDocument>
